TotalCount,Work_Sets,TOP_PCS,BTM_PCS,Date_PowerOn,StartingTime,Date_PowerOff,EndingTime_Work,EndingTime_Rework,CycleTime,OperatingTime,PCS/SB,SB_SP_QTY,SB_SP_eq._PCS,SB_SP_eq._HRS,UCW_SP_QTY,UCW_PP_LifeSpan(%),UCW_PP_eq._PCS,UCW_PP_eq._HRS,LCW_SP_QTY,LCW_PP_LifeSpan(%),LCW_PP_eq._PCS,LCW_PP_eq._HRS,UCW_k,LCW_k,UCW_dif_a,LCW_dif_a,UCW_a,LCW_a,UCW_remaining_a,LCW_remaining_a,UCW_timer,LCW_timer,UCW_mean_time,LCW_mean_time,UCW_count,LCW_count,Timer_A,Mean_time_A,Count_A,Timer_B2,Mean_time_B2,Count_B2,Timer_B_c,Mean_time_B_c,Count_B_c,Timer_B_s,Mean_time_B_s,Count_B_s
10860,17,0,,2020/3/27,08:12:46,2020/3/27,11:18:00,N/A,99.471,00:28:11,1000,63,63548,1721.68,0,29.77%,6215,171.73,0,79.79%,43895,1212.85,,,,,,,,,,,,,,,,,,,,,,,,,,
11141,281,0,,2020/3/27,11:31:11,2020/3/27,20:31:14,N/A,99.555,07:46:15,1000,63,63267,1739.25,0,28.47%,5934,164.1,0,79.36%,43614,1206.11,,,,,,,,,,,,,,,,,,,,,,,,,,
11408,267,0,,2020/3/28,08:02:25,2020/3/28,16:43:56,N/A,100.667,07:27:58,1000,62,63000,1733.7,0,27.23%,5667,158.47,0,78.95%,43347,1212.11,,,,,,,,,,,,,,,,,,,,,,,,,,
11783,372,3,,2020/3/30,08:02:32,2020/3/30,20:29:50,09:14:50,98.683,10:16:46,1000,62,62625,1715.05,0,25.50%,5292,145.06,0,78.38%,42972,1177.94,,,,,,,,,,,,,,,,,,,,,,,,,,
11831,38,10,,2020/3/31,08:03:28,2020/3/31,10:11:58,09:22:51,99.604,01:19:41,1000,62,62577,1735.29,0,25.27%,5244,145.09,0,78.31%,42924,1187.61,,,,,,,,,,,,,,,,,,,,,,,,,,
11832,1,0,,2020/3/31,15:04:13,2020/3/31,16:24:24,N/A,100,00:01:40,1000,62,62576,1731,0,25.27%,5243,145.64,0,78.31%,42923,1192.3,,,,,,,,,,,,,,,,,,,,,,,,,,
11853,21,0,,2020/4/13,14:34:18,2020/4/13,18:31:34,N/A,78.81,00:27:35,1000,62,62544,1367.7,0,25.17%,5222,114.32,0,78.27%,43048,942.4,,,,,,,,,,,,,,,,,,,,,,,,,,
11911,14,44,,2020/4/14,08:34:15,2020/4/14,16:54:07,14:11:35,76.931,01:14:22,700,61,43382,933.06,0,25.11%,5208,111.29,0,78.17%,42990,918.69,,,,,,,,,,,,,,,,,,,,,,,,,,
11995,10,74,,2020/4/15,08:32:13,2020/4/15,16:01:52,15:22:56,60.964,01:25:21,700,61,43302,927.8,0,24.88%,5157,110.62,0,78.05%,42925,914.44,,,,,,,,,,,,,,,,,,,,,,,,,,
11996,1,0,,2020/4/16,10:06:50,2020/4/16,11:25:43,N/A,77,00:01:17,700,61,43301,927.52,0,24.87%,5156,110.3,0,78.05%,42924,918.1,,,,,,,,,,,,,,,,,,,,,,,,,,
12512,516,0,,2020/4/17,09:32:19,2020/4/17,21:58:39,N/A,77.723,11:08:25,700,61,42785,918.75,0,22.48%,4640,100.2,0,77.12%,42408,915.59,,,,,,,,,,,,,,,,,,,,,,,,,,
12858,346,0,,2020/4/18,08:03:08,2020/4/18,17:00:20,N/A,77.645,07:27:45,700,60,42439,919.44,0,20.88%,4294,92.63,0,76.50%,42062,907.2,,,,,,,,,,,,,,,,,,,,,,,,,,
13303,445,0,,2020/4/20,08:01:27,2020/4/20,19:00:47,N/A,78.063,09:38:58,800,60,48094,1041.95,0,18.82%,3849,83.48,0,75.70%,41617,902.44,,,,,,,,,,,,,,,,,,,,,,,,,,
13845,542,0,,2020/4/21,08:02:00,2020/4/21,21:58:57,N/A,77.655,11:41:29,800,59,47552,1026.25,0,16.31%,3307,71.36,0,74.73%,41075,886.03,,,,,,,,,,,,,,,,,,,,,,,,,,
13944,99,0,,2020/4/22,07:58:42,2020/4/22,10:12:43,N/A,78,02:08:42,800,59,47453,1023.6,0,15.85%,3208,69.53,0,74.55%,40976,887.82,,,,,,,,,,,,,,,,,,,,,,,,,,
14280,336,0,,2020/4/22,11:23:22,2020/4/22,21:00:07,N/A,78.592,07:20:07,800,58,47117,1034.69,0,14.30%,2872,62.72,0,73.95%,40640,887.22,,,,,,,,,,,,,,,,,,,,,,,,,,
14787,507,0,,2020/4/23,08:01:00,2020/4/23,20:30:40,N/A,77.787,10:57:18,800,58,46610,1006.36,0,11.95%,2365,51.12,0,73.04%,40133,867.18,,,,,,,,,,,,,,,,,,,,,,,,,,
14963,176,0,,2020/4/24,08:00:50,2020/4/24,13:10:51,N/A,78.943,03:51:34,800,58,46434,1018.13,0,11.14%,2189,48.02,0,72.72%,39957,876.21,,,,,,,,,,,,,,,,,,,,,,,,,,
15184,221,0,,2020/4/27,07:59:32,2020/4/27,14:22:44,N/A,77.769,04:46:27,800,57,46213,999.77,0,10.11%,1968,42.54,0,72.33%,39736,858.41,,,,,,,,,,,,,,,,,,,,,,,,,,
15378,194,0,,2020/4/28,08:01:32,2020/4/28,13:23:13,N/A,77.603,04:10:55,800,57,46019,992.32,0,9.22%,1774,38.26,0,71.98%,39542,852.39,,,,,,,,,,,,,,,,,,,,,,,,,,
15454,76,0,,2020/4/30,10:51:28,2020/4/30,15:06:28,N/A,77.882,01:38:39,800,57,45943,995.09,0,8.86%,1698,36.76,0,71.84%,39466,853.81,,,,,,,,,,,,,,,,,,,,,,,,,,
15714,260,0,,2020/5/4,10:05:22,2020/5/4,17:12:56,N/A,78.362,05:39:34,800,57,45683,990.45,0,7.66%,1438,31.32,0,71.37%,39206,853.41,,,,,,,,,,,,,,,,,,,,,,,,,,
16009,295,0,,2020/5/5,08:06:09,2020/5/5,19:45:34,N/A,77.81,06:22:34,800,56,45388,982.36,1,6.30%,1143,24.73,0,70.84%,38911,841.03,,,,,,,,,,,,,,,,,,,,,,,,,,
16405,396,0,,2020/5/6,08:02:00,2020/5/6,17:53:24,N/A,77.894,08:34:06,800,56,44992,970.78,1,4.46%,747,16.18,0,70.13%,38515,833.37,,,,,,,,,,,,,,,,,,,,,,,,,,
16698,293,0,,2020/5/7,08:02:59,2020/5/7,15:50:12,N/A,78.287,06:22:18,1000,55,55899,1216.25,1,3.11%,454,9.89,0,69.61%,38222,831.2,,,,,,,,,,,,,,,,,,,,,,,,,,
16708,10,0,,2020/5/8,08:03:05,2020/5/8,08:20:54,N/A,77.634,00:12:56,1000,55,55889,1215.18,1,3.06%,444,9.6,0,69.59%,38212,824.05,,,,,,,,,,,,,,,,,,,,,,,,,,
16894,186,2,,2020/5/11,08:02:53,2020/5/11,18:06:23,16:46:37,77.132,04:01:41,1000,55,55703,1199.1,1,22.05%,7236,155.76,0,68.56%,51116,1100.32,6.96151,11.5307,0.00103951,0.000808716,25.1506,18.1486,8.09168,52.2317,48208.9,60818,1.783,2.56,16784,16743,721.759,2.43016,297,,,,,,,,,
16901,7,0,,2020/5/12,08:34:57,2020/5/12,10:08:06,N/A,77.884,00:09:05,1000,55,55696,1204.97,1,22.03%,7284,157.75,0,68.55%,51082,1106.28,6.96151,11.5307,0.00102997,0.000818253,25.1577,18.1543,8.08453,52.226,48221.4,60835.91,1.783,2.561,16791,16750,739.063,2.43112,304,,,,,,,,,
16911,10,0,,2020/5/12,14:21:04,2020/5/12,14:41:20,N/A,78.008,00:13:00,1000,55,55686,1206.65,1,22%,7253,157.14,0,68.54%,50865,1102,6.96151,11.5307,0.00102997,0.000818253,25.168,18.1625,8.07425,52.2178,48239.29,60861.61,1.7896,2.57,16801,16760,763.826,2.43257,314,,,,,,,,,
16919,8,0,,2020/5/13,08:04:26,2020/5/13,08:19:31,N/A,77.986,00:10:24,1000,55,55678,14.68,1,21.98%,7277,157.56,0,68.53%,50861,1101.26,6.96151,11.5307,0.00102997,0.000808716,25.1762,18.169,8.06606,52.2113,48253.58,60882.15,1.78575,2.5675,16809,16768,783.63,2.43362,322,0,0,0,0,0,0,0,0,0
16930,11,0,,2020/5/13,11:10:03,2020/5/13,11:33:51,N/A,77.994,00:14:18,1000,55,55667,1206.03,1,21.94%,7257,157.22,0,68.51%,50835,1101.34,6.96151,11.5307,0.00102043,0.000818253,25.1885,18.1788,8.05375,52.2015,48273.21,60910.41,1.78464,2.56927,16820,16779,810.82,2.43489,333,4.84,0.692,7,19.61,1.783,11,22.36,2.03255,11
17045,115,0,,2020/5/14,14:04:50,2020/5/14,18:59:37,N/A,77.886,02:29:17,1000,55,55552,1201.87,1,21.61%,7132,154.31,0,68.36%,50775,1098.55,6.96151,11.5307,0.00102997,0.000829697,25.3056,18.272,7.93666,52.1083,48478.78,61205.56,1.7876,2.56647,16935,16894,1101.21,2.45805,448,84.71,0.694352,122,236.74,1.87888,126,264.01,2.09536,126
17383,338,0,,2020/5/15,08:23:49,2020/5/15,17:00:52,N/A,78.431,07:21:50,1000,55,55214,1202.91,1,20.63%,6775,147.6,0,67.92%,50475,1099.65,6.96151,11.5307,0.00102997,0.00082016,25.6544,18.5484,7.58791,51.8319,49084.59,62072.39,1.79234,2.56459,17273,17232,1953.33,2.48516,786,321.58,0.699087,460,975.25,2.10184,464,1087.62,2.34401,464
17794,411,0,,2020/5/18,08:02:59,2020/5/18,18:39:54,N/A,78.605,08:58:26,1000,54,54803,1196.6,1,19.44%,6354,138.74,0,67.37%,50110,1094.17,6.96151,11.5307,0.00102997,0.00082016,26.0804,18.885,7.16192,51.4953,49822.24,63125.49,1.79477,2.56229,17684,17643,478.41,2.4285,197,137.79,0.695909,198,327.92,1.65617,198,367.15,1.85428,198
17911,117,0,,2020/5/19,08:02:47,2020/5/19,10:40:40,N/A,77.655,02:31:26,1000,54,54686,1179.63,1,19.10%,6244,134.69,0,67.22%,50037,1079.39,6.96151,11.5307,0.00103951,0.00082016,26.2017,18.9809,7.04053,51.3994,50031.98,63425,1.7926,2.5599,17801,17760,764,2.43311,314,219.13,0.695648,315,527.54,1.67474,315,596.24,1.89283,315
18265,354,0,,2020/5/20,08:03:45,2020/5/20,17:04:11,N/A,78.123,07:40:55,1000,54,54332,1179.05,1,18.07%,5879,127.58,0,66.75%,49583,1076,6.96151,11.5307,0.0010376,0.000827789,26.5704,19.2721,6.67187,51.1083,50667.74,64333.06,1.79595,2.56514,18155,18114,1659.17,2.48379,668,466.31,0.697028,669,1237.55,1.84985,669,1392.15,2.08094,669
18814,172,379,140,2020/5/21,07:59:15,2020/5/21,12:01:55,20:30:28,67.4,10:18:57,1000,53,53783,928.31,1,17.17%,5559,95.9,0,66.01%,48754,841.08,6.96151,11.5307,0.00104713,0.000827789,26.8967,19.7282,6.34553,50.6521,51228.92,65751.89,1.79863,2.5797,18467,18664,434.16,2.00072,217,0,0,0,230.86,1.64897,140,406.07,1.86272,218
19201,39,347,66,2020/5/22,07:57:34,2020/5/22,10:42:01,17:59:05,65.684,07:02:34,1000,53,53396,955.19,1,16.04%,5173,92.55,0,65.87%,48715,871.57,6.96151,11.5307,0.00104713,0.000827789,27.3026,19.8162,5.93968,50.5641,51924.77,66022.39,1.79807,2.57615,18854,18769,1170.56,1.93801,604,27.07,0.694128,39,410.56,1.67578,245,1228.51,2.0306,605
19205,0,4,0,2020/5/25,08:01:10,2020/5/25,N/A,08:15:09,61.295,00:04:05,1000,53,53392,909.09,1,16.03%,5155,87.93,0,65.87%,48715,830.97,6.96151,11.5307,0.0010643,0.000827789,27.3068,19.8162,5.93547,50.5641,51931.98,66022.39,1.80325,2.57615,18858,18769,1175.67,1.93367,608,27.07,0.694128,39,410.56,1.67578,245,1238.06,2.03293,609
19523,202,116,0,2020/5/25,09:15:59,2020/5/25,17:01:26,11:27:40,72.877,06:26:15,1000,53,53074,1156.36,1,15.11%,4859,105.86,0,65.60%,48627,1059.44,6.96151,11.5307,0.00104713,0.000837326,27.6408,19.9827,5.60144,50.3976,52502.92,66541.58,1.79541,2.57024,19176,18971,1922.11,2.07571,926,168.56,0.699398,241,931.16,2.08313,447,2098.18,2.26341,927
19904,3,378,0,2020/5/26,08:02:11,2020/5/26,08:29:40,17:58:16,60.953,06:27:03,1000,52,52693,890.03,1,14%,4471,75.52,0,65.60%,48607,821.02,6.96151,11.5307,0.00105667,0.000837326,28.0428,19.9861,5.1995,50.3943,53187.91,66549.29,1.79786,2.571,19557,18974,376.93,1.22779,307,0,0,0,0,0,0,577.74,1.87577,308
20484,210,370,16,2020/6/4,08:00:57,2020/6/4,20:30:37,15:54:53,69.282,11:09:44,1000,52,52113,1130.32,1,12.31%,3888,84.33,0,65.30%,48398,1049.71,6.96151,11.5307,0.00106621,0.000827789,28.6577,20.1728,4.58455,50.2075,54231.54,67130.14,1.79937,2.57013,20137,19200,1970.31,2.22131,887,147.28,0.701319,210,558.27,2.47023,226,1978.22,2.22772,888
20827,343,0,0,2020/6/5,08:02:54,2020/6/5,16:54:44,N/A,77.259,07:21:40,1000,51,51770,1111.02,1,11.31%,3540,75.97,0,64.85%,48067,1031.59,6.96151,11.5307,0.00106621,0.000827789,29.0233,20.4578,4.21902,49.9225,54849.38,68011.49,1.80129,2.56954,20480,19543,619.94,2.69537,230,160.56,0.695069,231,383.54,1.66035,231,431.23,1.86677,231
21336,509,0,0,2020/6/17,08:02:31,2020/6/17,20:29:53,N/A,77.101,10:54:05,1000,51,51261,1097.86,1,9.83%,3028,64.85,0,64.17%,47563,1018.63,6.96151,11.5307,0.00107574,0.000846863,29.5682,20.8819,3.67404,49.4984,55767.1,69319.24,1.80298,2.56926,20989,20052,2038.81,2.75888,739,515.94,0.697211,740,1403.52,1.89665,740,1575.98,2.1297,740
21685,349,0,0,2020/6/18,08:01:38,2020/6/18,17:57:12,N/A,77.987,07:33:38,1000,50,50912,1102.91,1,8.81%,2677,57.99,0,63.70%,47234,1023.24,6.96151,11.5307,0.00108337,0.000846863,29.9445,21.1742,3.29777,49.2061,56396.51,70215.51,1.80346,2.56811,21338,20401,237.32,2.69681,88,61.83,0.694708,89,148.05,1.66353,89,165.56,1.8602,89
22005,320,0,0,2020/6/19,08:02:03,2020/6/19,17:06:36,N/A,76.624,06:48:40,1000,50,50592,1076.83,1,7.88%,2356,50.15,0,63.28%,46913,998.53,6.96151,11.5307,0.00108337,0.000846863,30.2888,21.4412,2.95346,48.9391,56974.17,71037.37,1.8052,2.5683,21658,20721,1111.25,2.72365,408,284.08,0.694572,409,701.52,1.7152,409,791.05,1.9341,409
22411,406,0,0,2020/6/20,08:02:46,2020/6/20,17:55:53,N/A,77.466,08:44:11,1000,50,50186,1079.92,1,6.70%,1972,42.43,0,62.74%,46471,999.96,6.96151,11.5307,0.00106621,0.000846863,30.7244,21.782,2.5179,48.5983,57700.22,72080.87,1.78831,2.57018,22064,21127,2252.62,2.76734,814,568.27,0.697259,815,1587.87,1.9483,815,1779.15,2.18301,815
22749,338,0,0,2020/6/22,11:13:33,2020/6/22,20:31:24,N/A,77.694,07:17:41,1000,49,49848,1075.8,1,5.73%,1649,35.59,0,62.29%,46160,996.27,6.96151,11.5307,0.00105667,0.000846863,31.0853,22.0662,2.15695,48.3141,58299.97,72949.09,1.77441,2.56871,22402,21465,409.42,2.69353,152,106.35,0.695118,153,253.74,1.65841,153,284.71,1.86084,153
23250,501,0,0,2020/6/23,07:59:31,2020/6/23,20:22:39,N/A,76.918,10:42:16,1000,49,49347,1054.35,1,4.29%,1138,24.31,0,61.63%,45546,973.13,6.96151,11.5307,0.00108337,0.000846863,31.6257,22.4897,1.61658,47.8906,59194.48,74239.2,1.78544,2.57507,22903,21966,1795.91,2.75024,653,455.45,0.696407,654,1205.76,1.84367,654,1355.12,2.07205,654
23677,427,0,0,2020/6/24,08:03:04,2020/6/24,20:24:03,N/A,77.985,09:14:59,1000,48,48920,1059.72,1,3.05%,708,15.34,0,61.06%,45129,977.65,6.96151,11.5307,0.001091,0.000846863,32.0894,22.8516,1.15288,47.5287,59958.75,75338.51,1.78987,2.57451,23330,22393,215.6,2.69501,80,56.51,0.697654,81,134.7,1.66291,81,150.26,1.85512,81
24186,509,0,0,2020/6/29,07:59:00,2020/6/29,20:30:35,N/A,76.799,10:51:31,1000,48,48411,1032.75,1,1.57%,197,4.2,0,60.38%,44637,952.22,6.96151,11.5307,0.00110245,0.000846863,32.6467,23.2842,0.595581,47.0961,60873.39,76648.42,1.79693,2.57348,23839,22902,1617.43,2.74606,589,411.32,0.697147,590,1064.02,1.80343,590,1197.85,2.03025,590
24613,427,0,0,2020/6/30,08:00:19,2020/6/30,20:26:48,N/A,78.014,09:15:12,1000,47,47984,1039.84,0,99.44%,40277,872.86,0,59.81%,44208,958.05,6.96137,11.5307,0.000809744,0.0008564,0.18479,23.6482,37.1955,46.7321,398.68,77747.36,1.72587,2.57364,231,23329,43.65,2.72781,16,11.82,0.695471,17,29.42,1.73082,17,32.67,1.92176,17
24930,317,0,0,2020/7/1,08:00:41,2020/7/1,16:51:31,N/A,76.469,06:44:01,1000,47,47667,1012.51,0,98.66%,39965,848.89,0,59.39%,43843,931.26,6.96137,11.5307,0.00080058,0.000854492,0.439818,23.9194,36.9402,46.4606,945.72,78564.1,1.72569,2.57645,548,23646,874.62,2.62648,333,232.6,0.696395,334,562.96,1.6855,334,635.73,1.90339,334
25133,203,0,0,2020/7/18,08:00:08,2020/7/18,13:47:16,N/A,77.053,04:20:42,1000,47,47464,1015.9,0,98.17%,39770,851.23,0,59.12%,43608,933.38,6.96137,11.5307,0.00080055,0.000854492,0.603324,24.0934,36.777,46.2869,1295.96,79087.49,1.72533,2.57829,751,23849,1406.06,2.62325,536,373.86,0.696209,537,956.13,1.7805,537,1072.77,1.99771,537
25506,373,0,0,2020/7/20,08:50:34,2020/7/20,20:31:26,N/A,77.765,08:03:26,1000,47,47091,1017.23,0,97.26%,39356,850.1,0,58.62%,43248,934.17,6.96137,11.5307,0.000809789,0.000865936,0.904508,24.4138,36.4758,45.9665,1940.19,80048.89,1.72714,2.57748,1124,24222,2392.63,2.63216,909,635.07,0.69788,910,1842.36,2.02457,910,2053.87,2.257,910
25851,345,0,0,2020/7/21,07:58:52,2020/7/21,00:09:20,N/A,76.983,07:22:39,970,46,45306,968.83,0,96.41%,38875,831.3,0,58.16%,42927,917.95,6.96137,11.5307,0.000818968,0.000864029,1.18458,24.7107,36.1957,45.6696,2538.12,80937.65,1.73315,2.57611,1469,24567,742.7,2.61513,284,198.09,0.695067,285,477.44,1.67521,285,537.72,1.88673,285
26282,430,0,0,2020/7/22,06:58:46,2020/7/22,20:32:13,N/A,77.283,09:13:52,970,46,44875,963.35,0,95.35%,38404,824.43,0,57.59%,42451,911.31,6.96137,11.5307,0.000809669,0.000864029,1.53557,25.0829,35.8447,45.2974,3285.85,82049.11,1.73486,2.57881,1900,24998,1902.02,2.66017,715,499.32,0.697374,716,1356.28,1.89689,715,1522.72,2.12968,715
27189,907,0,0,2020/7/22,20:34:05,2020/7/23,23:57:42,N/A,77.075,19:25:07,1000,45,45378,971.53,0,93.12%,37509,803.06,0,56.38%,41576,890.13,6.96137,11.5307,0.000818968,0.000875473,2.27658,25.8691,35.1037,44.5112,4858.91,84386.3,1.73436,2.57684,2807,25905,1711.69,2.75191,622,433.79,0.696287,623,1137.74,1.82623,623,1278.17,2.05164,623
27193,4,0,0,2020/7/24,00:01:32,2020/7/24,00:12:13,N/A,77.538,00:05:10,1000,45,45374,977.28,0,93.11%,37484,807.06,0,56.38%,41532,894.22,6.96137,11.5307,0.000828266,0.000864029,2.27984,25.8726,35.1005,44.5077,4865.84,84396.62,1.733,2.5795,2811,25909,1722.86,2.75218,626,436.56,0.696276,627,1146.45,1.82847,627,1287.89,2.05405,627
27798,472,133,133,2020/7/24,07:57:23,2020/7/24,19:58:48,22:59:09,77.033,12:56:45,1000,44,44769,930.82,0,91.62%,36848,766.3,0,55.57%,40879,850.13,6.96137,11.5307,0.000828028,0.000873566,2.77684,26.4008,34.6035,43.9795,5916.61,85958.93,1.73681,2.58232,3416,26514,570.41,2.46931,231,161.33,0.695375,232,386.4,1.66553,232,433.78,1.86975,232
28003,0,205,325,2020/7/25,07:55:18,2020/7/25,N/A,13:57:37,61.407,05:32:37,1000,44,44564,760.15,0,91.34%,36696,625.94,0,55.13%,40450,689.98,6.96137,11.5307,0.000828028,0.000883102,2.87242,26.6897,34.5079,43.6906,6116.54,86808,1.73847,2.58864,3531,26842,934.04,2.14231,436,389.82,0.696104,560,990.96,1.77273,559,852.1,1.94989,437
28003,0,0,19,2020/7/27,07:59:12,2020/7/27,N/A,17:40:57,50.049,00:15:51,1000,44,44564,619.55,0,91.34%,36696,509.99,0,55.10%,40122,557.6,6.96137,11.5307,0.000828028,0.000883102,2.87242,26.7057,34.5079,43.6746,6116.54,86857.59,1.73847,2.60984,3531,26861,934.04,2.14231,436,403.17,0.696323,579,1027.45,1.77759,578,852.1,1.94989,437
28004,1,0,458,2020/7/28,07:55:28,2020/7/28,13:44:40,20:29:15,51.028,06:30:22,1000,43,43965,622.45,0,91.34%,36495,516.71,0,54.48%,39455,558.62,6.96137,11.5307,0.000828266,0.000892639,2.87325,27.1151,34.5071,43.2652,6118.28,88061.21,1.748,2.62228,3532,27320,0,0,0,25.02,0.694917,36,61.13,1.698,36,0,0,0
28423,419,0,95,2020/7/29,07:58:23,2020/7/29,20:29:07,09:34:32,72.351,10:19:48,1000,43,43451,933.59,0,90.31%,36322,780.41,0,53.78%,38841,834.53,6.96137,11.5307,0.000818968,0.000892639,3.21772,27.5764,34.1626,42.804,6845.79,89412.43,1.7363,2.62883,3951,27834,1121.26,2.67603,419,382.75,0.695918,550,981.63,1.78478,550,812.93,1.94017,419
28885,462,0,0,2020/7/30,07:59:30,2020/7/30,19:53:32,N/A,78.406,10:03:44,1000,42,42989,936.28,0,89.17%,35837,780.56,0,53.15%,38313,834.49,6.96137,11.5307,0.000828028,0.000900269,3.59959,27.9931,33.7807,42.3872,7648.47,90629.07,1.73741,2.63342,4413,28296,29.98,2.72555,11,7.68,0.698,11,19.42,1.76527,11,23.35,1.94567,12
29100,215,0,0,2020/7/31,08:01:25,2020/7/31,15:40:59,N/A,77.086,04:36:14,1000,42,42774,915.91,0,88.64%,35685,764.09,0,52.86%,38145,816.77,6.96137,11.5307,0.000837326,0.000900269,3.77731,28.1872,33.603,42.1931,8021.37,91194.54,1.73439,2.63007,4628,28511,598.59,2.64864,226,157.41,0.696518,226,375.32,1.66073,226,423.73,1.86664,227
29107,7,0,0,2020/7/31,18:51:49,2020/7/31,19:55:49,N/A,77.366,00:09:02,1000,42,42767,919.09,0,88.63%,35903,771.69,0,52.85%,38085,818.59,6.96137,11.5307,0.000828028,0.000902176,3.78307,28.1936,33.5972,42.1867,8033.44,91212.95,1.72471,2.63014,4635,28518,617.06,2.64834,233,162.26,0.696386,233,387.08,1.66129,233,437.14,1.86811,234
29120,13,0,0,2020/8/1,10:30:08,2020/8/1,11:37:04,N/A,77.309,00:16:45,1000,42,42754,918.13,0,88.59%,35790,768.57,0,52.83%,38162,819.51,6.96137,11.5307,0.000828028,0.000902176,3.79379,28.2053,33.5865,42.175,8055.91,91247.14,1.72846,2.63023,4648,28531,651.57,2.64867,246,171.27,0.696232,246,409,1.66259,246,462.24,1.87141,247
29566,446,0,0,2020/8/3,08:00:31,2020/8/3,20:31:13,N/A,77.692,09:37:31,1000,42,42308,913.05,0,87.50%,35307,761.94,0,52.23%,37590,811.21,6.96137,11.5307,0.000828266,0.000909805,4.16229,28.61,33.218,41.7703,8827.53,92422.93,1.73009,2.6363,5094,28977,1870.7,2.70332,692,482.89,0.697814,692,1289.88,1.86399,692,1454.81,2.0993,693
29762,196,0,0,2020/8/4,08:01:24,2020/8/4,13:53:18,N/A,78.771,04:17:19,1000,42,42112,921.45,0,87.02%,35093,767.82,0,51.96%,37326,816.67,6.96137,11.5307,0.000828266,0.000911713,4.3246,28.7886,33.0557,41.5917,9166.8,92940.57,1.73097,2.64101,5290,29173,2425.26,2.73115,888,620.07,0.698276,888,1780.85,2.00547,888,1992.44,2.24122,889
30146,2,0,0,2020-08-05,20:26:16,2020-08-05,20:31:47,N/A,77.652,0:2:35,1000,41,41728,15.68,0,86.08%,34769,748.81,0,51.43%,37326,803.88,6.96137,11.5307,0.000828266,0.000911713,4.6438,29.1392,32.7365,41.2411,9831.25,93951.97,1.729,2.621,5674,29557,719.16,2.64399,272,189.73,0.694974,273,456.2,1.67106,273,513.03,1.87922,273 
31170,799,225,225,2020-08-06,08:00:18,2020-08-14,17:01:15,18:02:54,77.918,22:9:48,1000,40,40704,883.29,0,83.57%,33721,731.77,0,50.04%,36013,781.51,6.96137,11.5307,0.000837326,0.000919342,5.49475,30.0758,31.8856,40.3045,11601.95,96649.56,1.7292,2.63436,6698,30581,783.07,2.64552,296,206.41,0.694976,297,497.59,1.67539,297,560.74,1.888,297 
31885,704,0,0,2020-08-17,07:59:17,2020-08-19,17:14:06,N/A,78.352,15:19:20,1000,39,40000,870.58,0,81.82%,32933,716.76,0,49.08%,35284,767.93,6.96137,11.5307,0.000837326,0.000930786,6.09371,30.7249,31.2866,39.6554,12841.03,98505.44,1.73298,2.63619,7413,31285,0,0,0,0.71,0.705,1,2.92,2.922,1,3.25,3.252,1 
32310,420,5,2,2020-08-20,08:00:49,2020-08-20,17:37:28,14:22:59,77.088,9:6:2,1000,39,39575,849,0,80.78%,32506,697.33,0,48.51%,34900,748.69,6.96137,11.5307,0.000846386,0.000930786,6.44923,31.1152,30.9311,39.2651,13574.14,99616.72,1.73314,2.63338,7836,31707,1135.31,2.67132,425,294.34,0.695835,423,728.01,1.72107,423,827.76,1.9431,426 
32629,319,0,0,2020-08-26,08:09:13,2020-08-26,16:52:09,N/A,77.986,6:54:38,1000,39,39256,850.39,0,80%,32236,698.32,0,48.07%,34515,747.69,6.96137,11.5307,0.000846386,0.000928879,6.7175,31.4116,30.6628,38.9687,14126.19,100458.36,1.73054,2.63838,8155,32026,2015.31,2.70875,744,517.51,0.69745,742,1406.25,1.89521,742,1590.31,2.13465,745 
32896,267,0,0,2020-08-27,07:59:52,2020-08-27,16:38:13,N/A,79.149,5:52:13,1000,38,38989,857.21,0,79.34%,31992,703.44,0,47.71%,34282,753.79,6.96137,11.5307,0.000846386,0.000928879,6.94227,31.6601,30.438,38.7202,14587.92,101162.11,1.72932,2.63576,8422,32293,29.95,2.72273,11,8.38,0.697917,12,21.13,1.7605,12,23.43,1.95217,12 
33314,418,0,0,2020-08-28,08:01:32,2020-08-28,17:35:54,N/A,77.243,8:58:7,1000,38,38571,827.59,0,78.32%,31550,676.93,0,47.14%,33823,725.69,6.96137,11.5307,0.000846863,0.000938416,7.2951,32.0504,30.0852,38.3299,15311.32,102265.15,1.73064,2.63885,8840,32711,1145.2,2.66947,429,299.49,0.696479,430,738.6,1.71768,430,836.76,1.94594,430 
33314,418,0,0,2020-08-28,08:01:32,2020-08-28,17:35:54,N/A,77.243,8:58:7,1000,38,38571,827.59,0,78.32%,31550,676.93,0,47.14%,33823,725.69,6.96137,11.5307,0.000846863,0.000938416,7.2951,32.0504,30.0849,38.3296,15311.32,102265.15,1.73064,2.63885,8840,32711,1145.2,2.66947,429,299.49,0.696479,430,738.6,1.71768,430,836.76,1.94594,430 
33314,418,0,0,2020-08-28,08:01:32,2020-08-28,17:35:54,N/A,77.243,8:58:7,1000,38,38571,827.59,0,78.32%,31550,676.93,0,47.14%,33823,725.69,6.96137,11.5307,0.000846863,0.000938416,7.2951,32.0504,30.0849,38.3296,15311.32,102265.15,1.73064,2.63885,8840,32711,1145.2,2.66947,429,299.49,0.696479,430,738.6,1.71768,430,836.76,1.94594,430 
33575,261,0,0,2020-09-10,13:10:39,2020-09-10,20:29:19,N/A,77.922,5:38:58,1000,38,38310,829.22,0,77.68%,31207,675.47,0,46.78%,33516,725.45,6.96137,11.5307,0.000855923,0.000938416,7.51641,32.2952,29.8639,38.0852,15764.19,102954.87,1.73511,2.64259,9101,32972,1862.91,2.69987,690,481.86,0.697337,691,1284.95,1.85956,691,1449.88,2.09823,691 
34088,513,0,0,2020-09-11,08:00:50,2020-09-11,19:38:21,N/A,78.28,11:9:18,1000,37,37797,821.87,0,76.42%,30731,668.24,0,46.08%,33068,719.05,6.96137,11.5307,0.000855446,0.00094986,7.95186,32.7767,29.4285,37.6036,16653.25,104307.89,1.73307,2.63747,9614,33485,536.27,2.64174,203,141.89,0.695525,204,337.78,1.65577,204,379.67,1.86112,204 
34255,167,0,0,2020-09-14,13:04:00,2020-09-14,16:55:20,N/A,77.358,3:35:19,1000,37,37630,808.6,0,76.01%,30556,656.58,0,45.85%,32867,706.24,6.96137,11.5307,0.000845909,0.00094986,8.09394,32.934,29.2864,37.4463,16942.75,104748.77,1.7335,2.63999,9781,33652,984.07,2.65965,370,258.14,0.695795,371,627.61,1.69167,371,711.9,1.91888,371 
34601,346,0,0,2020-09-15,07:59:41,2020-09-15,16:57:44,N/A,77.895,7:29:12,1000,37,37284,806.73,0,75.16%,30250,654.54,0,45.38%,32503,703.29,6.96137,11.5307,0.000846863,0.00094223,8.38918,33.2617,28.9911,37.1186,17541.75,105662.71,1.73122,2.64144,10127,33998,1937.08,2.70542,716,499.84,0.697127,717,1346.99,1.87865,717,1516.91,2.11564,717 
35119,518,0,0,2020-09-16,08:01:13,2020-09-16,20:30:25,N/A,80.154,11:32:0,1000,36,36766,818.6,0,73.89%,29651,660.22,0,44.68%,32083,714.37,6.96137,11.5307,0.000864983,0.00094986,8.83138,33.7502,28.5489,36.6302,18440.95,107026.9,1.7359,2.63357,10645,34516,618.13,2.64158,234,163.52,0.695821,235,389.68,1.65822,235,439.51,1.87026,235 
35627,508,0,0,2020-09-17,07:59:38,2020-09-17,20:28:19,N/A,77.799,10:58:42,1000,36,36258,783.56,0,72.64%,29092,628.69,0,43.98%,31495,680.62,6.96137,11.5307,0.000855446,0.00094986,9.26797,34.2332,28.1123,36.1471,19324.32,108368.12,1.73892,2.64019,11153,35024,2010.02,2.70892,742,518.14,0.697362,743,1407.26,1.89403,743,1584.67,2.1328,743 
36005,188,189,189,2020-09-18,07:57:56,2020-09-18,12:51:38,17:27:14,78.24,8:11:37,1000,35,35880,771.98,0,71.7%,28627,615.98,0,43.47%,31156,670.4,6.96137,11.5307,0.000874519,0.000946045,9.59464,34.5926,27.7857,35.7877,19983.6,109362.3,1.74412,2.63709,11531,35401,316.76,2.63965,120,84.04,0.694512,121,200.49,1.6569,121,225.09,1.86026,121 
36045,40,0,0,2020-09-25,13:09:38,2020-09-25,16:33:30,N/A,77.462,0:51:38,1000,35,35840,771.17,0,71.6%,28547,614.25,0,43.41%,31296,673.4,6.96137,11.5307,0.000864983,0.000946045,9.63017,34.6315,27.7501,35.7488,20053.46,109467.17,1.74653,2.62182,11571,35441,422.58,2.64111,160,111.92,0.695124,161,266.54,1.65553,161,299.81,1.86215,161 
36353,308,0,0,2020-09-26,07:59:42,2020-09-26,16:59:17,N/A,77.47,6:37:41,1000,35,35532,764.63,0,70.84%,28249,607.9,0,43%,30791,662.6,6.96137,11.5307,0.000864983,0.000968933,9.89638,34.9252,27.4839,35.4551,20591.22,110279.84,1.74598,2.63854,11879,35749,1252.33,2.67593,468,326.41,0.69597,469,815.74,1.73932,469,922.36,1.96665,469 
36729,376,0,0,2020-09-28,08:00:10,2020-09-28,17:03:38,N/A,78.376,8:11:9,1000,35,35156,765.39,0,69.92%,27903,607.46,0,42.48%,30321,660.1,6.96137,11.5307,0.000864983,0.000965118,10.2228,35.2869,27.1576,35.0934,21247.02,111274.92,1.74414,2.64648,12255,36125,2298.62,2.72349,844,589.86,0.698057,845,1664.4,1.9697,845,1866.17,2.20848,845 
37046,296,20,20,2020-09-29,08:04:30,2020-09-29,16:21:31,16:50:24,78.02,6:50:54,1000,34,34840,703,0,69.13%,27669,558.26,0,42.05%,30070,606.71,6.96137,11.5307,0.000864983,0.000976563,10.4977,35.5921,26.8826,34.7882,21798.32,112109.42,1.73912,2.64082,12572,36441,400.68,2.48866,161,111.93,0.695199,161,266.81,1.65721,161,299.35,1.85933,161 
37056,0,10,10,2020-09-29,16:52:16,2020-09-29,N/A,17:13:01,73.361,0:12:14,1000,34,34829,709.73,0,69.11%,27644,563.01,0,42.04%,30145,613.95,6.96137,11.5307,0.000874519,0.000957489,10.5064,35.6008,26.8739,34.7795,21815.72,112135.75,1.7406,2.6329,12582,36451,415.29,2.42862,171,118.91,0.695398,171,283.48,1.65775,171,318.13,1.8604,171 
37394,18,320,320,2020-09-30,07:59:17,2020-09-30,16:56:36,16:30:47,75.125,7:3:12,1000,34,34491,748.56,0,68.28%,27307,592.64,0,41.57%,29693,644.42,6.96137,11.5307,0.000864983,0.000965118,10.8003,35.9274,26.58,34.4529,22403.79,113029.23,1.73985,2.64343,12920,36789,1112.12,2.18492,509,354.21,0.695892,509,896.22,1.76074,509,1010.14,1.98457,509 
37738,344,0,0,2020-10-05,07:58:49,2020-10-05,16:57:41,N/A,78.485,7:29:59,1000,34,34147,744.46,0,67.43%,26997,588.56,0,41.1%,29310,638.99,6.96137,11.5307,0.000874519,0.000976563,11.0996,36.2612,26.2807,34.1191,23001.52,113939.76,1.73758,2.64689,13264,37133,2069.72,2.4264,853,595.12,0.697679,853,1685.13,1.97553,853,1888.31,2.21373,853 
38040,191,111,111,2020-10-06,07:59:40,2020-10-06,12:57:44,15:41:33,77.321,6:29:11,1000,33,33845,698.85,0,66.68%,26609,549.44,0,40.69%,29090,600.67,6.96137,11.5307,0.000874519,0.000972748,11.3646,36.5552,26.0157,33.8251,23527.95,114736.88,1.74315,2.63948,13566,37435,322.44,2.08027,155,108.47,0.695314,156,258.8,1.659,156,290.44,1.86179,156 
38407,266,101,101,2020-10-08,08:02:02,2020-10-08,17:00:39,10:54:07,76.411,7:47:23,1000,33,33478,721.6,0,65.78%,26247,565.74,0,40.19%,28674,618.05,6.96137,11.5307,0.000874519,0.000965118,11.6853,36.9118,25.695,33.4685,24167.6,115707.18,1.74292,2.64387,13933,37802,1195.63,2.29047,522,363.77,0.695553,523,925.68,1.76994,523,1041.66,1.9917,523 
38440,33,0,0,2020-10-12,07:58:06,2020-10-12,08:54:09,N/A,78.282,0:43:3,1000,33,33445,727.26,0,65.7%,26190,569.48,0,40.15%,28660,623.18,6.96137,11.5307,0.000873566,0.000972748,11.7143,36.944,25.666,33.4363,24225.18,115794.4,1.74479,2.64282,13966,37835,1286.65,2.31828,555,386.74,0.695579,556,993.38,1.78665,556,1117.88,2.01057,556 
38443,3,0,0,2020-10-14,11:08:12,2020-10-14,11:16:01,N/A,78.235,0:3:55,1000,33,33442,726.75,0,65.69%,26074,565.96,0,40.14%,28714,623.27,6.96137,11.5307,0.000883102,0.000972748,11.717,36.947,25.6634,33.4334,24230.44,115802.33,1.752,2.64367,13969,37838,1294.89,2.3206,558,388.84,0.695596,559,999.51,1.78804,559,1124.97,2.01246,559 
38822,379,0,0,2020-10-19,08:04:13,2020-10-19,17:01:04,N/A,78.723,8:17:16,1000,33,33063,723,0,64.75%,25771,563.52,0,39.62%,28291,618.62,6.96137,11.5307,0.000883102,0.000984192,12.0507,37.3171,25.3296,33.0632,24892.52,116803.26,1.74692,2.641,14348,38217,2356.8,2.51527,937,654.79,0.698069,938,1919.19,2.04605,938,2141.18,2.2827,938 
39190,368,0,0,2020-10-20,08:00:15,2020-10-20,17:01:50,N/A,77.706,7:56:36,1000,32,32695,705.72,0,63.84%,25410,548.49,0,39.12%,27931,602.91,6.96137,11.5307,0.000883102,0.000984192,12.3754,37.6776,25.0049,32.7027,25535.2,117774.91,1.74641,2.64033,14716,38585,807.16,2.64644,305,212.86,0.695618,306,512.33,1.67427,306,579.72,1.89451,306 
39576,386,0,0,2020-10-21,08:01:08,2020-10-21,17:00:35,N/A,77.837,8:20:45,1000,32,32309,698.57,0,62.89%,25029,541.15,0,38.59%,27506,594.7,6.96137,11.5307,0.000883102,0.000984192,12.7167,38.0574,24.6636,32.3229,26209.21,118795.52,1.74615,2.64406,15102,38971,1865.85,2.70021,691,482.15,0.69675,692,1289.85,1.86394,692,1453.07,2.09982,692 
39951,375,0,0,2020-10-22,08:01:08,2020-10-22,17:00:51,N/A,78.853,8:12:50,1000,31,31934,699.47,0,61.96%,24586,538.56,0,38.08%,27131,594.31,6.96137,11.5307,0.000884056,0.000991821,13.05,38.4276,24.3303,31.9527,26865.8,119787.02,1.7509,2.64401,15477,39346,174.88,2.64973,66,46.76,0.697836,67,111.55,1.66488,67,124.98,1.86539,67 
40293,342,0,0,2020-10-23,07:59:56,2020-10-23,15:46:33,N/A,77.448,7:21:27,1000,31,31592,679.65,0,61.11%,24232,521.29,0,37.61%,26818,576.93,6.96137,11.5307,0.000892639,0.000991821,13.3548,38.7659,24.0256,31.6144,27464.88,120690.32,1.7517,2.64123,15819,39688,1087.54,2.66554,408,284.74,0.696176,409,699.56,1.71041,409,791.53,1.93528,409 
40623,330,0,0,2020-10-26,08:00:50,2020-10-26,17:01:00,N/A,78.032,7:9:10,1000,31,31262,677.62,0,60.29%,23909,518.23,0,37.16%,26400,572.23,6.96137,11.5307,0.000901222,0.00100327,13.6494,39.0944,23.7309,31.2859,28042.79,121564.8,1.75125,2.64995,16149,40018,1997.63,2.70681,738,515.86,0.698051,739,1398.54,1.89248,739,1574.54,2.13064,739 
41002,379,0,0,2020-10-27,08:00:25,2020-10-27,16:58:32,N/A,78.657,8:16:51,1000,30,30883,674.76,0,59.35%,23524,513.98,0,36.64%,26048,569.12,6.96137,11.5307,0.000892639,0.000991821,13.9895,39.4734,23.3908,30.9069,28706.64,122568.04,1.75157,2.64706,16528,40397,309.05,2.64147,117,82.16,0.696263,118,195.13,1.65365,118,219.2,1.85765,118 
41397,395,0,0,2020-10-28,08:00:57,2020-10-28,17:01:02,N/A,77.476,8:30:3,1000,30,30488,656.13,0,58.37%,23091,496.93,0,36.1%,25658,552.17,6.96137,11.5307,0.000892639,0.00100327,14.3436,39.8675,23.0367,30.5128,29399.67,123613.48,1.75451,2.64669,16923,40792,1372.9,2.68144,512,356.89,0.6957,513,904.77,1.76369,513,1018.78,1.98593,513 
41775,378,0,0,2020-10-29,08:00:46,2020-10-29,17:00:39,N/A,78.542,8:14:49,1000,30,30110,656.92,0,57.43%,22704,495.32,0,35.59%,25234,550.52,6.96137,11.5307,0.000910759,0.00101089,14.6843,40.2477,22.696,30.1326,30063.11,124615.68,1.75512,2.65133,17301,41170,2428.45,2.7286,890,621.74,0.697799,891,1788.02,2.00675,891,1998.13,2.24257,891 
42068,293,0,0,2020-10-30,08:01:16,2020-10-30,16:59:50,N/A,78.142,6:21:36,1000,29,29817,647.21,0,56.71%,22501,488.43,0,35.18%,24964,541.89,6.96137,11.5307,0.000892639,0.00100327,14.9479,40.543,22.4324,29.8374,30575.36,125391.82,1.7483,2.64895,17594,41463,483.08,2.63976,183,128.18,0.69662,184,304.81,1.65655,184,342.44,1.8611,184 
42397,329,0,0,2020-11-02,08:00:49,2020-11-02,17:00:25,N/A,77.688,7:5:59,1000,29,29488,636.35,0,55.89%,22174,478.52,0,34.73%,24626,531.43,6.96137,11.5307,0.000911713,0.00101471,15.2445,40.8755,22.1358,29.5048,31150.49,126263.68,1.74811,2.65,17923,41792,1373.42,2.68245,512,357.17,0.69623,513,905.15,1.76443,513,1020.48,1.98923,513 
42533,134,0,0,2020-11-03,08:00:24,2020-11-03,11:16:29,N/A,78.175,2:54:35,1000,29,29353,637.41,0,55.56%,22129,480.54,0,34.55%,24477,531.52,6.96137,11.5307,0.000901222,0.00101089,15.3668,41.0124,22.0135,29.368,31387.24,126618.96,1.74087,2.65141,18059,41926,1747.22,2.69633,648,451.02,0.697097,647,1187.43,1.83529,647,1339.4,2.07016,647 
42541,2,0,0,2020-11-04,08:10:48,2020-11-04,09:01:01,N/A,121.113,0:4:2,1000,29,29344,987.21,0,55.52%,13793,464.03,0,34.54%,18949,637.49,6.96137,11.5307,0.00144386,0.00131607,15.3781,41.015,22.0022,29.3653,31407.43,126625.81,2.7915,3.4245,18067,41928,1770.99,2.69968,656,452.81,0.697709,649,1195.13,1.84149,649,1347.44,2.07618,649 
42659,113,0,0,2020-11-05,08:08:05,2020-11-05,17:00:05,N/A,79.374,2:29:29,1000,29,29226,644.39,0,55.23%,21636,477.1,0,34.38%,24122,531.91,6.96137,11.5307,0.000911713,0.00102997,15.4852,41.1338,21.8951,29.2465,31616.27,126939.02,1.7699,2.67697,18185,42045,2102.74,2.71672,774,535.38,0.698932,766,1471.32,1.92078,766,1642.95,2.1561,762 
42981,322,0,0,2020-11-06,07:59:58,2020-11-06,17:13:40,N/A,78.659,7:2:8,1000,28,28904,631.55,0,54.43%,21642,472.91,0,33.94%,24052,525.57,6.96137,11.5307,0.000901222,0.00102234,15.7767,41.461,21.6036,28.9193,32179.42,127792.21,1.74347,2.64965,18508,42367,253.79,2.64367,96,67.63,0.697196,97,160.46,1.65422,97,180.6,1.86185,97 
43282,301,0,0,2020-11-09,08:00:35,2020-11-09,17:00:36,N/A,77.43,6:28:26,1000,28,28603,615.2,0,53.69%,21363,459.48,0,33.53%,23806,512.02,6.96137,11.5307,0.000902176,0.00102234,16.0486,41.767,21.3317,28.6133,32703.68,128587.95,1.74174,2.64368,18809,42668,1058.31,2.66577,397,277.12,0.696279,398,677.93,1.70334,398,767.1,1.92739,398 
43624,342,0,0,2020-11-10,08:01:39,2020-11-10,17:00:47,N/A,78.154,7:25:29,1000,28,28261,613.53,0,52.84%,20973,455.31,0,33.06%,23394,507.87,6.96137,11.5307,0.000911713,0.00101852,16.3599,42.1177,21.0204,28.2626,33300.68,129494.68,1.74563,2.65124,19151,43010,2001.24,2.70804,739,516.49,0.697954,740,1398.89,1.8904,740,1576.54,2.13045,740 
43949,162,163,163,2020-11-11,08:00:10,2020-11-11,17:01:39,16:47:26,77.878,7:1:50,1000,27,27936,612.63,0,52.04%,20650,452.9,0,32.62%,23107,506.79,6.96137,11.5307,0.000911713,0.00102997,16.6545,42.4494,20.7258,27.9309,33867.96,130354.94,1.74546,2.64697,19476,43335,169.31,2.64542,64,45.21,0.695569,65,108.48,1.66891,65,121.41,1.86785,65 
43954,5,0,0,2020-11-11,18:52:20,2020-11-11,19:02:09,N/A,77.53,0:6:28,1000,27,27931,601.53,0,52.03%,20651,444.91,0,32.61%,23007,495.66,6.96137,11.5307,0.000909805,0.00102997,16.659,42.4546,20.7213,27.9257,33876.68,130368.21,1.743,2.654,19481,43340,182.48,2.64468,69,48.65,0.694986,70,116.55,1.66506,70,130.7,1.86711,70 
44114,160,0,0,2020-11-12,08:00:53,2020-11-12,16:05:22,N/A,77.401,3:26:24,1000,27,27771,597.08,0,51.63%,20431,439.26,0,32.39%,22936,493.12,6.96137,11.5307,0.000911713,0.00102997,16.8051,42.6188,20.5752,27.7615,34156.7,130791.85,1.75016,2.6477,19641,43500,604.61,2.64021,229,159.78,0.694704,230,381.76,1.65984,230,430.26,1.8707,230 
44120,6,0,0,2020-11-12,18:52:31,2020-11-12,19:31:06,N/A,104.546,0:10:27,1000,27,27765,807.45,0,51.61%,13883,423.97,0,32.38%,18511,565.3,6.96137,11.5307,0.00134468,0.00127029,16.8128,42.6262,20.5675,27.7541,34171.33,130810.9,2.4385,3.1765,19647,43506,621.42,2.64436,235,164.58,0.697364,236,396.48,1.68,236,446.66,1.89264,236 
44128,7,0,0,2020-11-13,08:00:51,2020-11-13,11:54:31,N/A,95.178,0:11:6,1000,27,27757,734.46,0,51.59%,15241,415.22,0,32.37%,19936,543.13,6.96137,11.5307,0.00122452,0.00118637,16.8223,42.6343,20.558,27.746,34189.49,130831.81,2.27025,2.98643,19655,43513,643.56,2.64838,243,169.9,0.699165,243,411.75,1.69446,243,463.77,1.90852,243 
44151,23,0,0,2020-11-13,13:23:47,2020-11-13,15:14:17,N/A,91.661,0:35:8,1000,27,27734,706.14,0,51.52%,16935,431.19,0,32.34%,20695,526.92,6.96137,11.5307,0.00109482,0.00113297,16.8485,42.6615,20.5318,27.7188,34237.94,130899.18,2.10652,2.92917,19678,43536,706.32,2.65532,266,187.17,0.70365,266,460.43,1.73092,266,518.36,1.94873,266 
44154,3,0,0,2020-11-18,17:31:32,2020-11-18,18:07:03,N/A,117.305,0:5:52,1000,27,27731,903.54,0,51.51%,12839,417.26,0,32.33%,17594,571.8,6.96137,11.5307,0.0014534,0.00133514,16.8514,42.6642,20.5289,27.7161,34246.29,130909.52,2.781,3.448,19681,43539,715.01,2.65803,269,189.72,0.705264,269,469.18,1.74417,269,528,1.96284,269 
44491,337,0,0,2020-11-19,08:00:49,2020-11-19,18:34:06,N/A,79.176,7:24:42,1000,27,27394,602.49,0,50.65%,19617,431.45,0,31.86%,22268,489.75,6.96137,11.5307,0.000938416,0.00104141,17.1668,43.0158,20.2135,27.3645,34848.61,131813.11,1.78731,2.68125,20018,43876,1638.88,2.70442,606,426.39,0.70362,606,1132.46,1.86875,606,1274.79,2.10361,606 
44835,344,0,0,2020-11-20,08:00:06,2020-11-20,16:58:13,N/A,78.84,7:32:1,1000,27,27050,592.39,0,49.8%,19658,430.48,0,31.39%,22163,485.34,6.96137,11.5307,0.000919342,0.0010376,17.4829,43.3717,19.8974,27.0086,35451.65,132725.67,1.75302,2.65279,20362,44220,2604.91,2.74201,950,667.46,0.702594,950,1986.62,2.09118,950,2214.61,2.33117,950 
45175,340,0,0,2020-11-23,08:01:28,2020-11-23,18:01:28,N/A,78.344,7:23:57,1000,26,26710,581.24,0,48.95%,19141,415.94,0,30.93%,21742,472.46,6.96137,11.5307,0.000928879,0.00104141,17.7988,43.7259,19.5815,26.6545,36054.12,133631.75,1.77197,2.66496,20702,44560,768.5,2.65001,290,203.7,0.699997,291,494.3,1.69861,291,556.16,1.9112,291 
45325,150,0,0,2020-11-24,08:01:07,2020-11-24,11:31:23,N/A,77.62,3:14:3,1000,26,26560,572.66,0,48.57%,19154,412.97,0,30.72%,21678,467.38,6.96137,11.5307,0.000928879,0.00104141,17.9378,43.8822,19.4425,26.4981,36317.22,134029.56,1.75401,2.65204,20852,44710,1178.02,2.67732,440,308.07,0.698583,441,768.43,1.74247,441,868.01,1.96828,441 
45329,4,0,0,2020-11-24,14:33:19,2020-11-24,16:43:08,N/A,108.496,0:7:14,1000,26,26556,801.93,0,48.56%,12111,399.75,0,30.71%,16665,550.07,6.96137,11.5307,0.0014534,0.0013504,17.9431,43.8873,19.4372,26.493,36327.29,134042.57,2.51825,3.25125,20856,44714,1189.75,2.67962,444,311.32,0.699605,445,780.05,1.75292,445,880.81,1.97934,445 
45492,163,0,0,2020-11-25,13:24:18,2020-11-25,18:12:29,N/A,78.999,3:34:37,1000,26,26393,579.17,0,48.15%,18714,410.68,0,30.49%,21325,467.98,6.96137,11.5307,0.000938416,0.00104904,18.0958,44.0585,19.2845,26.3218,36617.28,134478.56,1.77904,2.67484,21019,44877,1639.56,2.70109,607,425.8,0.700334,608,1119.32,1.84099,608,1260.15,2.07262,608 
45833,341,0,0,2020-11-26,08:01:39,2020-11-26,16:56:16,N/A,78.873,7:28:16,1000,26,26052,570.78,0,47.3%,18637,408.31,0,30.02%,21161,463.61,6.96137,11.5307,0.000919342,0.00104904,18.4115,44.4146,18.9688,25.9657,37215.52,135383.21,1.75439,2.65293,21360,45218,2597.44,2.73991,948,664.57,0.700283,949,1966.68,2.07238,949,2192.28,2.3101,949 
46119,266,20,20,2020-11-27,07:59:40,2020-11-27,16:57:33,14:47:04,77.496,6:9:24,1000,25,25766,556.81,0,46.59%,18348,396.52,0,29.63%,20889,451.43,6.96137,11.5307,0.000930786,0.00104904,18.6768,44.7141,18.7035,25.6663,37717.38,136141.42,1.75473,2.65109,21646,45504,594.98,2.54267,234,163.66,0.69643,235,391.07,1.66413,235,439.18,1.86883,235 
46459,340,0,0,2020-12-01,07:59:49,2020-12-01,18:09:04,N/A,78.349,7:23:59,1000,25,25426,553.36,0,45.74%,17840,388.28,0,29.16%,20453,445.15,6.96137,11.5307,0.000947952,0.00106049,18.9959,45.0727,18.3844,25.3076,38319.48,137046.97,1.77089,2.66336,21986,45844,1523.48,2.65414,574,400.99,0.697367,575,1039.5,1.80782,575,1170.28,2.03526,575 
46794,335,0,0,2020-12-02,07:59:41,2020-12-02,17:00:40,N/A,78.79,7:19:55,1000,25,25091,549.14,0,44.91%,17650,386.28,0,28.7%,20201,442.11,6.96137,11.5307,0.000938416,0.00105667,19.3084,45.4258,18.0719,24.9545,38907.96,137935.61,1.75665,2.65267,22321,46179,2462.07,2.70854,909,635.6,0.698464,910,1848.12,2.0309,910,2062.71,2.26672,910 
47126,332,0,0,2020-12-03,08:04:00,2020-12-03,16:59:25,N/A,78.082,7:12:3,1000,24,24759,537.01,0,44.08%,17306,375.38,0,28.25%,19902,431.68,6.96137,11.5307,0.000938416,0.00105667,19.6191,45.7763,17.7612,24.604,39491.58,138814.84,1.7579,2.64828,22653,46511,636.63,2.64163,241,168.64,0.696855,242,402.4,1.66281,242,453.02,1.872,242 
47474,348,0,0,2020-12-04,07:59:36,2020-12-04,17:00:31,N/A,77.885,7:31:44,1000,24,24411,528.12,0,43.21%,16974,367.22,0,27.77%,19506,422,6.96137,11.5307,0.000938416,0.00106812,19.9453,46.1457,17.435,24.2346,40102.72,139738.71,1.75616,2.65479,23001,46859,1585.07,2.69111,589,410.72,0.696129,590,1064.2,1.80374,590,1199.02,2.03224,590 
47808,334,0,0,2020-12-07,08:00:27,2020-12-07,16:58:06,N/A,78.865,7:19:1,1000,24,24077,527.45,0,42.38%,16643,364.59,0,27.31%,19121,418.87,6.96137,11.5307,0.000938416,0.00106812,20.259,46.5025,17.1213,23.8778,40689.2,140627.69,1.7559,2.66163,23335,47193,2522.61,2.73305,923,644.6,0.697615,924,1880.08,2.03472,924,2097.6,2.27013,924 
48131,323,0,0,2020-12-08,07:58:53,2020-12-08,16:58:24,N/A,78.032,7:0:4,1000,23,23754,514.88,0,41.58%,16292,353.15,0,26.86%,18823,408.02,6.96137,11.5307,0.000947952,0.0010643,20.5635,46.8482,16.8168,23.5321,41257.3,141486.28,1.75884,2.65816,23658,47516,649.86,2.64171,246,171.67,0.695028,247,410.91,1.66361,247,462.64,1.87304,247 
48475,344,0,0,2020-12-09,08:02:43,2020-12-09,17:00:34,N/A,77.823,7:26:11,1000,23,23410,506.06,0,40.72%,15906,343.84,0,26.39%,18477,399.42,6.96137,11.5307,0.000947952,0.00107574,20.8895,47.2176,16.4908,23.1627,41863.94,142400.83,1.7635,2.65858,24002,47860,1588.55,2.69245,590,411.23,0.695812,591,1066.6,1.80473,591,1201.43,2.03287,591 
49056,579,2,0,2020-12-10,08:00:17,2020-12-11,15:56:08,10:49:17,78.486,12:40:0,1000,22,22829,498.05,0,39.27%,15334,334.54,0,25.6%,17913,390.81,6.96137,11.5307,0.000947952,0.00108719,21.4416,47.8417,15.9387,22.5386,42887.9,143938.8,1.76241,2.65625,24583,48439,451.81,2.64216,171,119.88,0.696983,172,285.14,1.6578,172,319.97,1.86027,172 
49430,374,0,0,2020-12-14,07:58:33,2020-12-14,17:30:25,18:27:43,77.903,8:9:29,1000,22,22453,484.7,0,38.33%,14948,322.69,0,25.08%,17562,379.11,6.96137,11.5307,0.000967026,0.00108337,21.7994,48.2474,15.5809,22.1329,43547.5,144930.91,1.76364,2.6527,24957,48813,1465.35,2.68871,545,379.86,0.695712,546,984.19,1.79597,548,1099.32,2.00973,547 
49434,4,0,0,2020-12-15,10:18:23,2020-12-15,11:33:16,N/A,78.651,0:5:15,1000,22,22449,490.45,0,38.32%,14901,325.55,0,25.08%,17581,384.1,6.96137,11.5307,0.000957489,0.00108337,21.8033,48.2517,15.577,22.1286,43554.58,144941.5,1.76875,2.64925,24961,48817,1476.4,2.68925,549,382.64,0.695702,550,992.43,1.79788,552,1108.78,2.0123,551 
49434,0,0,0,2020-12-16,08:45:58,2020-12-16,N/A,17:19:04,42.991,0:2:9,1000,22,22446,268.05,0,38.32%,14901,177.95,0,25.08%,17581,209.95,6.96137,11.5307,0.000957489,0.00108337,21.8033,48.2517,15.577,22.1286,43554.58,144941.5,1.76875,2.64925,24961,48817,1476.4,2.68925,549,382.64,0.695702,550,998.63,1.79934,555,1108.78,2.0123,551 
49759,39,286,286,2020-12-17,07:59:56,2020-12-17,16:59:26,18:29:19,74.536,7:7:20,1000,22,22102,488.53,0,37.51%,14576,322.18,0,24.63%,17221,380.65,6.96137,11.5307,0.000947952,0.00108719,22.1151,48.6048,15.2652,21.7755,44129.44,145804.22,1.76882,2.65451,25286,49142,2158.72,2.46993,874,610.74,0.697984,875,1819.25,2.02363,899,1956.83,2.23382,876 
50023,264,0,0,2020-12-18,08:00:03,2020-12-18,17:01:36,N/A,78.299,5:44:31,1000,21,21838,474.97,0,36.85%,14350,312.13,0,24.27%,16981,369.35,6.96137,11.5307,0.000965118,0.00108719,22.3673,48.891,15.013,21.4893,44595.21,146504.1,1.76427,2.65105,25550,49406,427.96,2.64173,162,112.68,0.695543,162,267.54,1.65148,162,303.97,1.86487,163 
50363,340,0,0,2020-12-21,08:01:00,2020-12-21,16:53:16,N/A,77.711,7:20:22,1000,21,21498,464.07,0,36%,14017,302.58,0,23.8%,16618,358.72,6.96137,11.5307,0.000957489,0.00109482,22.6939,49.2627,14.6864,21.1176,45194.79,147406.67,1.76346,2.65462,25890,49746,1346.44,2.68215,502,349.17,0.695566,502,880.89,1.75476,502,997.67,1.98345,503 
50700,337,0,0,2020-12-22,08:00:05,2020-12-22,16:51:20,N/A,78.553,7:21:12,1000,21,21161,461.74,0,35.16%,13655,297.95,0,23.34%,16274,355.1,6.96137,11.5307,0.000965118,0.00109482,23.019,49.6325,14.3613,20.7478,45790.1,148301.63,1.7665,2.65567,26227,50083,2284.1,2.72241,839,585.42,0.69776,839,1646.43,1.96237,839,1851.19,2.2038,840 
51032,332,0,0,2020-12-23,08:00:14,2020-12-23,16:57:25,N/A,78.456,7:14:7,1000,20,20829,453.93,0,34.33%,13305,289.98,0,22.89%,15950,347.62,6.96137,11.5307,0.000967026,0.00110626,23.3405,49.998,14.0398,20.3823,46377.37,149182.89,1.76889,2.65442,26559,50415,451.9,2.64271,171,119.73,0.696105,172,284,1.65116,172,320.62,1.86405,172 
51381,349,0,0,2020-12-24,08:00:59,2020-12-24,16:59:25,N/A,77.701,7:31:58,1000,20,20480,442.03,0,33.46%,12998,280.54,0,22.41%,15596,336.62,6.96137,11.5307,0.000967026,0.00110626,23.6783,50.3837,13.7021,19.9967,46992.78,150109.59,1.76334,2.65528,26908,50764,1396.08,2.68478,520,362.69,0.69614,521,919.69,1.76524,521,1037.27,1.99093,521 
51661,280,0,4,2020-12-25,08:00:47,2020-12-25,16:58:29,17:29:45,78.03,6:9:20,1000,20,20200,440.64,0,32.76%,12724,277.56,0,22.02%,15306,333.88,6.96137,11.5307,0.000965118,0.00111389,23.9507,50.6997,13.4296,19.6806,47486.26,150863.91,1.76244,2.65608,27188,51048,2173.99,2.71749,800,559.23,0.698169,801,1549.02,1.93386,801,1740.25,2.1726,801 
52326,624,41,41,2020-12-28,08:00:34,2020-12-29,16:07:46,16:58:58,77.892,14:23:18,1000,19,19535,401.53,0,31.09%,12022,247.16,0,21.11%,14669,301.58,6.96137,11.5307,0.000974655,0.00112152,24.5987,51.4387,12.7816,18.9416,48661.82,152627.11,1.76776,2.65143,27853,51713,1196.31,2.57271,465,324.58,0.696521,466,809.39,1.73688,466,915.31,1.96419,466 
52627,0,301,301,2020-12-30,08:00:25,2020-12-30,N/A,17:00:41,77.684,6:29:43,1000,19,19234,415.05,0,30.34%,11671,251.84,0,20.69%,14353,309.71,6.96137,11.5307,0.000995636,0.00111008,24.8947,51.7758,12.4856,18.6045,49196.1,153426.04,1.77504,2.65424,28154,52014,1989.26,2.59694,766,535.36,0.697993,767,1466.18,1.91158,767,1648.52,2.1493,767 
52979,0,352,352,2020-12-31,07:59:47,2020-12-31,N/A,17:00:11,78.708,7:41:45,1000,18,18882,412.82,0,29.45%,11320,247.5,0,20.21%,13993,305.95,6.96137,11.5307,0.000986099,0.00112915,25.2417,52.1716,12.1386,18.2087,49820.88,154360.77,1.77492,2.65551,28506,52366,311.13,2.6367,118,82.87,0.696361,119,197.38,1.65866,119,221.52,1.8615,119 
52985,6,0,0,2021-01-15,10:13:58,2021-01-15,13:47:12,N/A,77.84,0:7:47,1000,18,18876,408.15,0,29.44%,11307,244.56,0,20.2%,14035,303.56,6.96137,11.5307,0.000986099,0.00112534,25.2477,52.1783,12.1327,18.202,49831.54,154376.64,1.77633,2.6445,28512,52372,326.95,2.63673,124,87.02,0.696184,125,207.28,1.65826,125,232.68,1.86145,125 
52991,6,0,0,2021-01-18,09:01:46,2021-01-18,15:08:07,N/A,77.954,0:7:48,1000,18,18870,408.62,0,29.42%,11281,244.42,0,20.19%,13946,302.16,6.96137,11.5307,0.000993729,0.00113297,25.2536,52.1851,12.1267,18.1952,49842.21,154392.59,1.7795,2.65767,28518,52378,342.78,2.63675,130,91.16,0.695878,131,217.08,1.6571,131,243.87,1.86162,131 
52994,3,0,0,2021-01-22,10:17:36,2021-01-22,10:45:57,N/A,77.737,0:3:53,1000,18,18867,407.41,0,29.42%,11285,243.67,0,20.19%,14069,303.78,6.96137,11.5307,0.000986099,0.00112152,25.2566,52.1884,12.1237,18.1919,49847.54,154400.51,1.77733,2.641,28521,52381,350.69,2.63676,133,93.25,0.695918,134,222.02,1.65689,134,249.49,1.86184,134 
52996,0,2,2,2021-02-01,13:47:29,2021-02-01,N/A,14:04:02,76.638,0:2:33,1000,18,18865,401.77,0,29.41%,11283,242.31,0,20.19%,13937,299.3,6.96137,11.5307,0.000993729,0.00112152,25.2585,52.1907,12.1218,18.1896,49851.11,154405.81,1.7805,2.65,28523,52383,355.99,2.63696,135,94.64,0.69589,136,225.31,1.65671,136,253.27,1.86229,136 
53012,0,16,16,2021-02-17,11:27:11,2021-02-17,N/A,14:56:44,77.339,0:20:37,1000,18,18849,18.24,0,29.37%,11281,242.33,0,20.16%,13947,299.6,6.96137,11.5307,0.000984192,0.00112915,25.2753,52.2099,12.105,18.1704,49879.52,154448.37,1.77581,2.65994,28539,52399,398.28,2.63762,151,105.81,0.696138,152,251.72,1.65605,152,283.19,1.86307,152 
53212,0,200,200,2021-04-08,07:58:34,2021-04-08,N/A,16:29:21,76.853,4:16:11,1000,18,18649,398.12,0,28.87%,11098,236.97,0,19.89%,13775,294.13,6.96137,11.5307,0.000984192,0.00113297,25.4718,52.4342,11.9085,17.9461,50234.17,154978.96,1.77325,2.65298,28739,52599,926.43,2.63941,351,245.1,0.696318,352,594.21,1.6881,352,673.43,1.91315,352 
53505,267,25,25,2021-04-09,08:00:07,2021-04-09,17:56:57,09:03:21,77.712,6:18:12,1000,18,18356,397.96,0,28.13%,10770,233.5,0,19.49%,13464,291.9,6.96137,11.5307,0.000993729,0.00113297,25.7635,52.7647,11.6168,17.6156,50757.09,155754.68,1.77864,2.65657,29033,52891,1700.28,2.64019,644,448.89,0.697034,644,1181.32,1.83435,644,1331.02,2.0668,644 
53994,489,0,0,2021-04-12,07:59:54,2021-04-12,21:27:29,N/A,78.618,10:40:44,1000,17,17867,390.19,0,26.89%,10275,224.4,0,18.82%,12974,283.34,6.96137,11.5307,0.00100136,0.00114441,26.2513,53.3206,11.129,17.0597,51629,157053.8,1.7794,2.65669,29523,53380,350.94,2.63864,133,93.3,0.696291,134,221.5,1.65296,134,249.17,1.85948,134 
54518,524,0,0,2021-04-13,08:02:05,2021-04-13,20:59:19,N/A,77.785,11:19:19,1000,17,17343,374.73,0,25.57%,9752,210.71,0,18.09%,12388,267.66,6.96137,11.5307,0.000993729,0.00115204,26.775,53.9225,10.6053,16.4578,52561.33,158452.6,1.77927,2.66946,30047,53904,1771.83,2.69684,657,458.54,0.696865,658,1211.47,1.84114,658,1365.69,2.07552,658 
55029,511,0,0,2021-04-14,08:02:52,2021-04-14,20:58:38,N/A,78.628,11:9:39,1000,16,16832,367.63,0,24.29%,9245,201.93,0,17.39%,11883,259.54,6.96137,11.5307,0.00100327,0.00115967,27.2876,54.5128,10.0927,15.8675,53470.17,159816.03,1.77854,2.66816,30558,54415,443.84,2.6419,168,117.71,0.696527,169,279.37,1.65307,169,314.91,1.86337,169 
55560,234,297,0,2021-04-15,08:02:51,2021-04-15,20:51:52,19:06:11,69.128,10:11:47,1000,16,16301,352.08,0,22.95%,8704,187.99,0,17.07%,11626,251.09,6.96137,11.5307,0.00100327,0.00117874,27.823,54.7848,9.55728,15.5955,54415.56,160441.6,1.7804,2.67336,31089,54649,1613.56,2.30838,699,280.58,0.696228,403,688.47,1.70837,403,1467.51,2.09644,700 
55949,389,0,0,2021-04-16,08:01:10,2021-04-16,20:16:12,N/A,78.512,8:29:1,1000,15,15912,347.02,0,21.97%,8313,181.31,0,16.53%,11226,244.84,6.96137,11.5307,0.0010128,0.0011673,28.2168,55.239,9.16353,15.1413,55108.29,161482.51,1.78079,2.67588,31478,55038,232.65,2.6437,88,61.73,0.693652,89,147.79,1.66054,89,165.64,1.86117,89 
56364,415,0,0,2021-04-19,08:00:12,2021-04-19,20:30:20,N/A,77.595,8:56:42,1000,15,15497,334.03,0,20.92%,7907,170.43,0,15.95%,10821,233.24,6.96137,11.5307,0.0010128,0.00117874,28.6378,55.7255,8.74252,14.6548,55846.57,162592.01,1.779,2.67348,31893,55453,1348.92,2.68175,503,350.88,0.696196,504,885.75,1.75743,504,999.17,1.98249,504 
56797,433,0,0,2021-04-20,08:00:38,2021-04-20,20:27:55,N/A,78.792,9:28:37,1000,15,15064,329.7,0,19.83%,7458,163.22,0,15.36%,10384,227.26,6.96137,11.5307,0.00102234,0.00117493,29.0795,56.2358,8.30083,14.1445,56618.46,163750.04,1.78264,2.67443,32326,55886,2560.32,2.73539,936,654.16,0.698141,937,1915.37,2.04415,937,2137.3,2.281,937 
57097,296,0,0,2021-04-21,08:04:17,2021-04-21,16:57:29,N/A,77.928,6:24:27,1000,14,14764,319.59,0,19.07%,7151,154.79,0,14.94%,10103,218.7,6.96137,11.5307,0.00102043,0.00117874,29.3867,56.5903,7.99365,13.79,57153.7,164550.88,1.78416,2.66947,32626,56186,623.57,2.64222,236,164.83,0.695468,237,394.3,1.66373,237,442.74,1.86809,237 
57358,261,0,0,2021-04-22,08:01:38,2021-04-22,17:46:56,N/A,77.7,5:38:0,1000,14,14503,313.02,0,18.41%,6870,148.28,0,14.58%,9829,212.14,6.96137,11.5307,0.00102997,0.00119019,29.6553,56.9001,7.72501,13.4802,57620.69,165248.56,1.78924,2.67311,32887,56447,1331.61,2.6793,497,346.67,0.696131,498,874.36,1.75574,498,985.37,1.97865,498 
57673,315,0,0,2021-04-23,08:01:48,2021-04-23,17:03:45,N/A,78.524,6:52:15,1000,14,14188,309.47,0,17.61%,6554,142.95,0,14.15%,9489,206.97,6.96137,11.5307,0.00103951,0.00120544,29.9803,57.2764,7.39999,13.104,58184.38,166092.71,1.78946,2.67986,33202,56762,2206.5,2.71737,812,567.38,0.697889,813,1580.97,1.94462,813,1773.35,2.18124,813 
57795,122,0,0,2021-04-23,17:28:24,2021-04-23,20:49:53,N/A,79.487,2:41:37,1000,14,14066,310.57,0,17.3%,6426,141.88,0,13.98%,9380,207.11,6.96137,11.5307,0.00103951,0.00118637,30.1065,57.4223,7.27377,12.958,58402.9,166419.2,1.79115,2.67614,33324,56884,2552.82,2.73321,934,652.89,0.698279,935,1909.13,2.04185,935,2130.14,2.27822,935 
58106,311,0,0,2021-04-26,08:01:05,2021-04-26,16:50:58,N/A,77.918,6:43:53,1000,13,13755,297.71,0,16.51%,6111,132.27,0,13.55%,9067,196.24,6.96137,11.5307,0.00102997,0.001194,30.4291,57.7953,6.9512,12.585,58960.26,167251.63,1.79218,2.67662,33635,57195,647.63,2.64338,245,171.27,0.696236,246,408.68,1.66132,246,460.45,1.87175,246 
58474,368,0,0,2021-04-28,08:03:07,2021-04-28,17:43:54,N/A,77.887,7:57:42,1000,13,13387,289.63,0,15.58%,5743,124.25,0,13.04%,8694,188.09,6.96137,11.5307,0.00104141,0.00120544,30.8119,58.2388,6.56841,12.1415,59619.84,168237.24,1.79232,2.67828,34003,57563,1652.08,2.69508,613,428,0.697072,614,1114.83,1.81568,614,1255.99,2.04559,614 
58797,323,0,0,2021-05-03,08:01:23,2021-05-03,17:03:28,N/A,78.995,7:5:15,1000,13,13064,286.66,0,14.76%,5423,118.99,0,12.59%,8370,183.66,6.96137,11.5307,0.00104904,0.00120544,31.1486,58.6298,6.23166,11.7505,60198.42,169102.37,1.79127,2.67842,34326,57886,2558.86,2.73382,936,654.34,0.698338,937,1914.56,2.04329,937,2136.5,2.28015,937 
58861,64,0,0,2021-05-04,08:22:11,2021-05-04,10:27:52,N/A,80.235,1:25:35,1000,12,13000,289.7,0,14.59%,5354,119.1,0,12.5%,8305,184.75,6.96137,11.5307,0.00103951,0.00120544,31.2156,58.7074,6.16475,11.6729,60313.18,169273.82,1.79322,2.67881,34390,57950,0,0,0,0.7,0.704,1,2.87,2.874,1,3.25,3.253,1 
59400,539,0,0,2021-06-11,08:08:17,2021-06-11,21:55:45,N/A,77.553,11:36:41,1000,12,12461,268.44,0,13.22%,4808,103.58,0,11.75%,7770,167.38,6.96137,11.5307,0.00104904,0.00122452,31.7812,59.3638,5.59912,11.0165,61280.91,170717.05,1.7954,2.67761,34929,58489,1447.45,2.68544,539,375.64,0.695622,540,958.68,1.77533,540,1080.22,2.0004,540 
59595,195,0,0,2021-06-12,08:02:53,2021-06-12,14:39:17,N/A,78.403,4:14:49,1000,12,12266,267.14,0,12.72%,4600,100.18,0,11.48%,7559,164.63,6.96137,11.5307,0.00105858,0.00122452,31.9881,59.6041,5.39222,10.7762,61633.77,171240.27,1.80033,2.6832,35125,58684,1985.89,2.70557,734,512.43,0.697178,735,1388.25,1.88877,735,1563.79,2.1276,735 
59599,4,0,0,2021-06-15,17:15:34,2021-06-15,18:13:17,N/A,79.118,0:5:16,1000,12,12262,269.48,0,12.71%,4595,100.98,0,11.48%,7533,165.54,6.96137,11.5307,0.00105858,0.00123215,31.9923,59.6078,5.38799,10.7725,61640.97,171251.03,1.7995,2.69025,35129,58688,1997.2,2.70623,738,515.24,0.69721,739,1397.69,1.89133,739,1574.22,2.13021,739 
59873,272,0,0,2021-06-16,13:06:46,2021-06-16,20:33:44,N/A,79.442,6:0:8,1000,11,11989,264.57,0,12.02%,4325,95.45,0,11.1%,7287,160.82,6.96137,11.5307,0.00105667,0.00123215,32.2819,59.9434,5.09839,10.4369,62133.87,171980.43,1.7989,2.68161,35403,58960,32.62,2.71858,12,8.43,0.702833,12,21.18,1.76458,12,23.46,1.955,12 
59874,1,0,700,2021-06-17,08:25:32,2021-06-17,08:40:12,21:38:26,50.317,9:47:53,1000,11,11288,157.65,0,12.01%,4373,61.07,0,10.14%,6697,93.53,6.96137,11.5307,0.00104904,0.00122452,32.284,60.7962,5.09629,9.5841,62135.64,173831.89,1.778,2.64117,35404,59661,35.24,2.71085,13,497.87,0.698271,713,1338.79,1.87769,713,25.32,1.94731,13 
59876,2,0,0,2021-06-18,08:58:24,2021-06-18,15:03:03,N/A,78.124,0:2:36,1000,11,11286,244.92,0,12%,4316,93.68,0,10.14%,7015,152.26,6.96137,11.5307,0.00106049,0.0011673,32.2883,60.7997,5.09204,9.58062,62142.85,173836.9,1.80075,2.509,35408,59663,40.52,2.70133,15,499.27,0.698283,715,1343.45,1.87896,715,29,1.9336,15 
59887,13,0,0,2021-06-22,08:12:48,2021-06-22,18:30:21,N/A,120.168,0:26:2,1000,11,11275,376.49,0,99.92%,15446,523.14,0,99.97%,41550,1407.26,6.96137,11.5305,0.00200599,0.00129745,0.0240811,0.0155326,35.3562,70.3648,55.15,59.18,4.24246,4.55238,13,13,70.67,2.71804,26,509.39,0.701639,726,1388.41,1.91241,726,60.84,2.33981,26 
59893,6,0,0,2021-06-23,08:12:54,2021-06-23,19:35:07,N/A,104.546,0:10:27,1000,11,11269,326.89,0,99.89%,19624,543.32,0,99.96%,49293,1364.74,6.96137,11.5305,0.0015735,0.00108581,0.0335589,0.0220843,35.3468,70.3582,76.61,83.37,3.57667,4.032,19,19,85.98,2.68694,32,514.12,0.702354,732,1407.65,1.92302,732,74.99,2.34356,32 
59904,11,0,0,2021-06-24,08:18:47,2021-06-24,15:09:40,N/A,102.267,0:18:45,1000,11,11258,0,0,99.75%,10041,0,0,99.93%,48031,0,6.96137,11.5305,0.0030826,0.00112262,0.0787949,0.0357305,35.3015,70.3446,172.2,127.2,6.37253,3.98464,34,30,114.54,2.66377,43,522.98,0.703879,743,1441.3,1.93983,743,100.45,2.33595,43 
59912,8,0,0,2021-06-25,08:20:18,2021-06-25,18:27:57,N/A,94.024,0:12:32,1000,11,11250,0,0,99.63%,18481,0,0,99.92%,52066,0,6.96137,11.5305,0.00166553,0.0010306,0.115271,0.0439937,35.265,70.3363,252.47,156.61,3.64886,3.67525,56,38,135.53,2.65735,51,528.62,0.703884,751,1461.67,1.9463,751,115.94,2.27324,51 
59923,11,0,0,2021-06-28,08:20:16,2021-06-28,14:41:32,N/A,101.388,0:18:35,1000,11,11239,316.5,0,99.26%,4588,128.68,0,99.89%,35072,983.63,6.96137,11.5305,0.00671729,0.0015275,0.231683,0.0593239,35.1486,70.321,503.39,217.09,13.9397,5.49818,74,49,169.69,2.737,62,536.48,0.704046,762,1491.83,1.95779,762,138.24,2.22966,62 
59933,10,0,0,2021-07-01,08:11:52,2021-07-01,17:12:16,N/A,103.19,0:17:12,1000,11,11229,0,0,99.04%,7817,0,0,99.86%,30251,0,6.96137,11.5305,0.00393838,0.00176674,0.301285,0.0787581,35.079,70.3016,1239.65,280.3,40.9035,6.3216,92,59,208.84,2.90053,72,543.51,0.704025,772,1518.64,1.96716,772,157.74,2.19079,72 
59955,22,0,0,2021-07-06,08:21:43,2021-07-06,16:41:14,N/A,89.727,0:32:54,1000,11,11207,279.32,0,99.24%,3487,86.89,0,99.94%,35809,892.3,6.96137,11.5305,0.00883372,0.00149989,0.238437,0.0315345,35.1419,70.3488,516.04,115.81,18.43,5.26423,28,22,279.44,2.9728,94,558.99,0.704016,794,1578.01,1.98742,794,200.3,2.13085,94 
60041,86,0,0,2021-07-07,09:40:03,2021-07-07,16:07:30,N/A,89.898,2:8:51,1000,11,11121,277.71,0,98.74%,16709,417.21,0,99.78%,53659,1339.83,6.96137,11.5305,0.00183117,0.001003,0.396348,0.117599,34.984,70.2627,854.76,422.1,3.93857,3.56144,114,108,561.14,3.11742,180,619.48,0.703953,880,1819.24,2.06732,880,372.04,2.06691,180 
60361,320,0,0,2021-07-08,08:18:47,2021-07-08,21:59:34,N/A,88.323,7:51:3,1000,10,10801,264.99,0,89.12%,3009,73.82,0,98.88%,34717,851.75,6.96137,11.5305,0.00938559,0.00153667,3.44534,0.608459,31.935,69.7719,7326.69,2167.4,19.6715,5.45408,443,428,520.9,2.61758,199,139.89,0.702945,199,345.27,1.73505,199,392.7,1.96352,200 
60414,53,0,0,2021-07-09,07:59:47,2021-07-09,09:24:03,N/A,87.994,1:17:44,1000,10,10748,262.71,0,88.82%,15044,367.75,0,98.73%,34666,847.41,6.96137,11.5305,0.00187731,0.00153667,3.54449,0.689996,31.8358,69.6903,7534.98,2456.45,3.93,5.45383,496,481,664.05,2.63513,252,177.12,0.702841,252,443.16,1.75856,252,501.24,1.98119,253 
60452,38,0,0,2021-07-12,08:00:35,2021-07-12,09:03:29,N/A,88.325,0:55:56,1000,10,10710,262.77,0,88.59%,14997,368.03,0,98.63%,34639,850.05,6.96137,11.5305,0.00187731,0.00153673,3.61567,0.748464,31.7646,69.6318,7684.42,2663.64,3.93242,5.45221,534,519,767.03,2.64494,290,203.82,0.702831,290,516.04,1.77945,290,583.04,2.00356,291 
60973,521,0,0,2021-07-13,08:05:07,2021-07-13,22:00:27,N/A,89.006,12:52:52,1000,10,10189,251.91,0,85.55%,14470,357.74,0,97.16%,34097,842.98,6.96137,11.5305,0.00188637,0.00154591,4.59532,1.55281,30.785,68.8275,9734.09,5505.92,3.93412,5.45543,1055,1040,2149.74,2.65073,811,569.69,0.702451,811,1708.23,2.10632,811,1902.12,2.34252,812 
61228,255,0,0,2021-07-14,08:06:02,2021-07-14,17:49:21,N/A,91.95,6:30:47,1000,9,9934,253.73,0,84.06%,14230,363.48,0,96.24%,26613,679.78,6.96137,11.5305,0.0018959,0.0019691,5.07666,2.05414,30.3036,68.3262,10736.3,7271.78,3.93022,6.92496,1310,1295,170.63,2.58527,66,47,0.701507,67,155.52,2.32124,67,169.63,2.53173,67 
61243,15,0,0,2021-08-13,15:32:19,2021-08-13,16:33:30,N/A,91.138,0:22:47,1000,9,9919,251.11,0,83.97%,14217,359.85,0,96.19%,25067,634.48,6.96137,11.5305,0.00189543,0.00209785,5.10503,2.08551,30.2753,68.2948,10795.26,7381.97,3.9306,7.34567,1325,1310,209.15,2.58205,81,57.48,0.701037,82,193.56,2.36046,82,210.08,2.56195,82 
61396,153,0,0,2021-08-26,15:28:11,2021-08-26,20:14:48,N/A,91.08,3:52:15,1000,9,9766,247.08,0,83.08%,14059,355.69,0,95.61%,24901,629.98,6.96137,11.5305,0.0018959,0.00209808,5.39471,2.40604,29.9856,67.9743,11396.7,8506.48,3.93099,7.34978,1478,1463,616.35,2.63399,234,164.78,0.701191,235,588.05,2.50236,235,643.76,2.7394,235 
61399,2,0,0,2021-08-27,08:21:46,2021-08-27,18:56:03,16:11:07,79.513,0:5:18,1000,9,9763,270.91,0,83.06%,12107,359.85,0,95.6%,20762,617.1,6.96137,11.5305,0.00219917,0.00252128,5.40101,2.41065,29.9793,67.9697,11409.76,8522.65,4.352,8.083,1481,1465,624.46,2.63484,237,166.21,0.701312,237,596.48,2.50621,238,650.11,2.74309,237 
61797,398,0,0,2021-10-15,08:05:54,2021-10-15,20:27:47,N/A,91.757,10:8:39,1000,9,9365,238.7,0,80.73%,13641,347.68,0,94.09%,24496,624.36,6.96137,11.5305,0.00190496,0.00210714,6.15809,3.24778,29.2222,67.1325,12976.12,11448.33,3.93558,7.35096,1879,1863,1681.76,2.64843,635,446.21,0.702694,635,1692.75,2.66155,636,1847.53,2.9095,635 
62123,106,220,219,2021-10-18,07:59:51,2021-10-18,10:51:24,19:22:35,92.565,8:22:56,1000,9,9039,232.23,0,78.83%,13343,342.8,0,92.85%,24165,620.83,6.96137,11.5305,0.00191402,0.0021255,6.77983,3.93497,28.6005,66.4453,14256.5,13837.97,3.92756,7.35275,2205,2188,2572.51,2.67691,961,674.95,0.703075,960,2680.05,2.78881,961,2923.45,3.04209,961 
62277,0,154,154,2021-10-19,08:00:46,2021-10-19,N/A,13:12:32,90.505,3:52:18,1000,8,8885,223.37,0,77.93%,13194,331.69,0,92.26%,23998,603.29,6.96137,11.5305,0.00191402,0.00212574,7.07434,4.26188,28.306,66.1184,14861.1,14970.93,3.92595,7.35684,2359,2342,264.86,2.30312,115,81.37,0.7015,116,289.7,2.49744,116,312.24,2.69176,116 
62553,0,276,276,2021-10-20,08:19:23,2021-10-20,N/A,16:29:59,90.716,6:57:18,1000,8,8609,216.94,0,76.32%,12910,325.32,0,91.22%,23724,597.82,6.96137,11.5305,0.00192308,0.0021348,7.60395,4.84951,27.7764,65.5308,15945.32,17001.21,3.92836,7.35608,2635,2618,1002.2,2.56317,391,275.36,0.702459,392,1016.5,2.59312,392,1117.09,2.84972,392 
62824,270,0,0,2021-11-12,11:11:09,2021-11-12,20:27:13,N/A,92.105,6:54:28,1000,8,8338,213.32,0,74.74%,12643,323.46,0,90.18%,23445,599.82,6.96137,11.5305,0.00192356,0.00214386,8.12567,5.42893,27.2546,64.9514,17009.58,18995.39,3.92713,7.35863,2906,2889,1722.4,2.60182,662,466.01,0.702888,663,1779.03,2.6833,663,1945.77,2.93479,663 
63219,395,0,0,2021-11-15,07:59:47,2021-11-15,20:01:12,N/A,92.857,10:11:18,1000,7,7943,204.88,0,72.44%,12247,315.91,0,88.68%,23072,595.15,6.96137,11.5305,0.00194168,0.00214386,8.8895,6.27675,26.4908,64.1036,18560.89,21899.29,3.92737,7.35165,3301,3284,147.31,2.58442,57,40.66,0.700966,58,142.88,2.4635,58,155.79,2.68609,58 
63560,341,0,0,2021-11-16,07:59:02,2021-11-16,17:54:09,N/A,91.334,8:39:5,1000,7,7602,192.87,0,70.45%,11912,302.21,0,87.39%,22747,577.1,6.96137,11.5305,0.00195026,0.00216246,9.55184,7.01207,25.8285,63.3682,19899.49,24404.51,3.92551,7.34667,3642,3625,1050.23,2.63877,398,280.36,0.702647,399,1036.25,2.59712,399,1137.12,2.84993,399 
63980,420,0,0,2021-11-17,07:59:27,2021-11-17,20:09:15,N/A,92.371,10:46:36,1000,7,7182,184.28,0,68%,11489,294.79,0,85.79%,22330,572.95,6.96137,11.5305,0.0019598,0.00217152,10.372,7.92272,25.0083,62.4576,21548.68,27489.75,3.92665,7.34582,4062,4045,2168.99,2.65158,818,575.78,0.703031,819,2248.81,2.7458,819,2449.74,2.99113,819 
64120,140,0,0,2021-11-18,08:00:01,2021-11-18,12:01:59,N/A,93.445,3:38:2,1000,7,7042,182.79,0,67.19%,11354,294.71,0,85.26%,22185,575.84,6.96137,11.5305,0.0019598,0.00218105,10.6464,8.2276,24.7339,62.1527,22098.15,28518.4,3.92476,7.34747,4202,4185,2561.68,2.67399,958,674.46,0.703294,959,2682.97,2.79768,959,2924.51,3.04954,959 
64380,260,0,0,2021-11-19,08:00:22,2021-11-19,16:53:28,N/A,91.534,6:36:39,1000,6,6782,172.44,0,65.67%,11095,282.11,0,84.27%,21911,557.12,6.96137,11.5305,0.00196934,0.00218964,11.1572,8.79583,24.2231,61.5845,23118.53,30429.89,3.92453,7.3519,4462,4445,572.09,2.62426,218,153.35,0.700251,219,555.26,2.53542,219,607.01,2.77174,219 
64572,192,0,0,2021-11-22,08:00:23,2021-11-22,14:35:15,N/A,91.64,4:53:15,1000,6,6590,167.75,0,64.55%,10911,277.75,0,83.54%,21711,552.67,6.96137,11.5305,0.00196934,0.00219917,11.5353,9.21704,23.845,61.1633,23871.48,31841.96,3.92166,7.35452,4654,4637,1081.62,2.6381,410,288.28,0.701411,411,1068.65,2.60012,411,1173.37,2.85491,411 
64579,7,0,0,2021-12-03,08:37:55,2021-12-03,09:03:47,N/A,92.326,0:10:46,1000,6,6583,168.82,0,64.51%,10907,279.62,0,83.52%,21700,556.32,6.96137,11.5305,0.00196934,0.00219917,11.5491,9.23242,23.8312,61.1479,23898.93,31893.45,3.921,7.35514,4661,4644,1099.75,2.6373,417,293.21,0.701469,418,1087.85,2.60252,418,1194.38,2.85738,418 
64589,0,10,0,2021-12-10,15:00:48,2021-12-10,N/A,15:25:04,73.242,0:12:12,1000,6,6573,133.73,0,64.45%,10903,221.78,0,83.51%,21702,441.45,6.96137,11.5305,0.00197792,0.00219917,11.5688,9.23462,23.8115,61.1457,23938.12,31893.45,3.9191,7.35514,4671,4644,1125.65,2.63619,427,293.21,0.701469,418,1087.85,2.60252,418,1224.39,2.86073,428 
64603,14,0,0,2022-01-06,08:00:59,2022-01-06,16:19:29,N/A,92.349,0:21:33,1000,6,6559,168.25,0,64.37%,10872,278.84,0,83.46%,21687,556.22,6.96137,11.5305,0.00196934,0.00219917,11.5964,9.26319,23.7839,61.1171,23993.07,31996.4,3.92486,7.35414,4685,4658,1161.88,2.63464,441,303.02,0.701442,432,1126.33,2.60725,432,1266.78,2.86603,442 
64761,33,125,125,2022-01-17,13:05:15,2022-01-17,17:59:59,17:03:00,91.754,4:1:37,1000,6,6401,164.75,0,63.45%,10721,275.93,0,82.86%,21540,554.38,6.96137,11.5305,0.00196934,0.00219917,11.9085,9.61071,23.4718,60.7696,24612.76,33158.03,3.92208,7.35206,4843,4816,1584.63,2.64546,599,414.15,0.701946,590,1568.88,2.65912,590,1749.15,2.91526,600 
